{"cameraMode":{"drawMode":0,"name":"Shaded","section":"Shading Mode"},"sceneLighting":true,"audioPlay":false,"sceneViewState":{"m_AlwaysRefresh":false,"showFog":true,"showSkybox":true,"showFlares":true,"showImageEffects":true,"showParticleSystems":true,"showVisualEffectGraphs":true,"m_FxEnabled":true},"in2DMode":false,"pivot":{"x":19.58098030090332,"y":7.5649847984313969,"z":-7.8532328605651859},"rotation":{"x":0.21003158390522004,"y":-0.37694209814071658,"z":0.08818274736404419,"w":0.89779132604599},"size":0.8660253882408142,"orthographic":false}